Red,Green,Blue,Class
93.32705415,108.2362643,95.18581222,0
147.5615873,152.2568056,143.3452183,0
194.4936145,201.5186021,196.8474606,0
145.0208176,149.5715679,117.1798352,0
143.1991543,146.4244734,132.1314792,0
218.271492,175.843888,173.463588,1
211.7516247,160.365842,151.1773383,1
203.7080238,170.8705615,168.5988147,1
204.3092095,155.6416996,145.9898419,1
231.1484408,187.6201959,194.3105449,1
